{"cameraMode":{"drawMode":0,"name":"Shaded","section":"Shading Mode"},"sceneLighting":true,"audioPlay":false,"sceneViewState":{"showFog":true,"showMaterialUpdate":false,"showSkybox":true,"showFlares":true,"showImageEffects":true,"showParticleSystems":true},"in2DMode":false,"pivot":{"x":516.7999877929688,"y":18.799999237060548,"z":-19.600000381469728},"rotation":{"x":0.18690428137779237,"y":-0.32595184445381167,"z":0.06589798629283905,"w":0.9243878126144409},"size":378.5989074707031,"orthographic":true}