{"cameraMode":{"drawMode":0,"name":"Shaded","section":"Shading Mode"},"sceneLighting":true,"audioPlay":false,"sceneViewState":{"showFog":true,"showMaterialUpdate":false,"showSkybox":true,"showFlares":true,"showImageEffects":true,"showParticleSystems":true},"in2DMode":false,"pivot":{"x":-0.7204902172088623,"y":1.29931640625,"z":0.65234375},"rotation":{"x":0.07941655814647675,"y":-9.433328500563221e-7,"z":-1.8282055691543065e-7,"w":0.9968442320823669},"size":24.78791046142578,"orthographic":true}